DATE,OPEN,HIGH,LOW,CLOSE,VOLUME
2023-02-15,28.36,28.88,28.16,28.85,23.39
2023-02-14,28.38,28.72,27.99,28.64,27.93
2023-02-13,27.87,28.55,27.715,28.55,32.35
2023-02-10,27.63,27.99,27.335,27.80,31.23
2023-02-09,28.68,28.82,27.565,27.73,43.91
2023-02-08,28.95,29.12,28.21,28.24,36.48
2023-02-07,28.65,29.27,28.43,29.05,50.78
2023-02-06,29.55,29.65,28.61,28.69,48.73
2023-02-03,29.263,30.795,29.175,29.955,57.60
2023-02-02,28.898,29.935,28.448,29.827,62.23
2023-02-01,27.554,29.076,27.347,28.72,63.33
2023-01-31,27.446,27.949,27.199,27.92,52.62
2023-01-30,27.381,28.167,27.337,27.614,55.15
2023-01-27,26.744,27.90,26.458,27.821,148.55
2023-01-26,29.698,29.748,28.977,29.728,56.09
2023-01-25,29.165,29.525,28.819,29.343,28.27
2023-01-24,29.58,29.827,29.372,29.56,24.86
2023-01-23,28.972,30.123,28.829,29.906,38.80
2023-01-20,28.078,28.878,27.91,28.868,35.16
2023-01-19,28.266,28.409,27.90,28.078,36.89
2023-01-18,29.441,29.461,28.285,28.463,44.20
2023-01-17,29.817,29.892,29.165,29.244,34.76
2023-01-13,29.609,29.807,29.451,29.748,31.36
2023-01-12,29.619,30.014,29.115,29.925,28.96
2023-01-11,29.323,29.52,28.651,29.491,30.38
2023-01-10,28.883,29.155,28.567,29.086,23.01
2023-01-09,28.493,29.506,28.493,28.957,37.49
2023-01-06,27.594,28.483,27.05,28.384,31.79
2023-01-05,27.105,27.445,27.05,27.228,33.55
2023-01-04,27.08,27.584,26.833,27.347,37.67
2023-01-03,26.719,26.744,26.053,26.408,31.31
2022-12-30,25.59,26.142,25.489,26.112,31.03
2022-12-29,25.46,25.974,25.44,25.895,30.94
2022-12-28,25.529,25.801,25.193,25.233,26.18
2022-12-27,25.534,25.786,25.341,25.628,29.55
2022-12-23,25.608,25.875,25.374,25.776,23.60
2022-12-22,26.132,26.134,25.045,25.657,47.48
2022-12-21,26.27,26.645,26.26,26.507,28.10
2022-12-20,26.216,26.547,26.102,26.122,31.86
2022-12-19,26.576,26.645,26.181,26.468,37.66
2022-12-16,26.675,26.808,26.134,26.596,81.10
2022-12-15,27.604,27.663,26.794,26.823,45.68
2022-12-14,28.167,28.77,27.673,27.92,37.14
2022-12-13,29.431,29.728,28.029,28.384,58.55
2022-12-12,27.791,28.364,27.523,28.345,35.12
2022-12-09,28.048,28.434,27.851,27.90,25.64
2022-12-08,27.979,28.256,27.727,28.098,28.49
2022-12-07,27.94,28.206,27.811,27.989,28.24
2022-12-06,28.839,28.957,28.002,28.256,27.70
2022-12-05,29.066,29.392,28.542,28.819,34.04
2022-12-02,28.819,29.076,28.364,29.056,31.55
2022-12-01,29.876,30.113,29.165,29.471,38.90
2022-11-30,28.424,29.718,27.88,29.708,72.07
2022-11-29,28.503,28.829,28.394,28.552,24.36
2022-11-28,28.75,28.839,28.196,28.379,28.28
2022-11-25,29.323,29.323,28.982,28.987,11.31
2022-11-23,29.372,29.718,29.135,29.313,23.14
2022-11-22,28.784,29.501,28.706,29.461,25.58
2022-11-21,29.303,29.357,28.562,28.592,36.09
2022-11-18,29.896,29.896,29.254,29.51,27.12
2022-11-17,28.715,29.59,28.651,29.53,31.99
2022-11-16,29.748,29.866,29.086,29.175,35.58
2022-11-15,30.721,30.958,29.802,30.34,40.93
2022-11-14,29.975,30.617,29.817,29.985,39.40
2022-11-11,28.577,30.261,28.523,30.064,49.83
2022-11-10,28.532,29.471,28.30,29.402,62.94
2022-11-09,27.88,27.959,27.189,27.189,30.54
2022-11-08,28.409,28.602,27.594,28.137,36.26
2022-11-07,28.019,28.122,27.554,28.068,34.39
2022-11-04,27.238,27.895,27.08,27.861,43.05
2022-11-03,26.758,27.177,26.485,26.70,39.68
2022-11-02,27.558,28.123,26.719,26.729,51.96
2022-11-01,28.074,28.123,27.187,27.587,44.42
2022-10-31,28.347,28.445,27.343,27.714,59.51
2022-10-28,27.465,28.482,27.158,28.337,91.70
2022-10-27,26.758,26.895,25.471,25.608,53.29
2022-10-26,26.505,27.099,26.31,26.524,37.15
2022-10-25,26.495,26.861,26.32,26.719,32.21
2022-10-24,26.076,26.787,25.852,26.495,43.83
2022-10-21,25.199,26.368,25.14,26.29,53.06
2022-10-20,25.491,26.271,25.291,25.423,33.25
2022-10-19,25.086,25.588,25.043,25.345,33.88
2022-10-18,26.066,26.276,24.896,25.218,51.13
2022-10-17,25.647,26.076,25.512,25.754,39.42
2022-10-14,25.793,25.959,25.111,25.257,48.19
2022-10-13,24.102,26.159,23.97,25.754,62.45
2022-10-12,24.419,24.877,24.039,24.692,39.63
2022-10-11,24.38,24.838,24.068,24.409,48.13
2022-10-10,25.286,25.335,24.458,24.565,43.41
2022-10-07,25.51,25.613,25.005,25.072,57.22
2022-10-06,26.748,27.06,26.32,26.495,33.99
2022-10-05,26.675,27.138,26.212,26.943,30.12
2022-10-04,26.734,27.095,26.407,27.002,42.43
2022-10-03,25.666,26.563,25.408,26.29,44.10
2022-09-30,25.637,25.90,25.091,25.121,43.82
2022-09-29,26.105,26.105,25.525,25.715,41.83
2022-09-28,26.183,26.592,25.93,26.446,40.43
2022-09-27,26.709,26.90,25.949,26.212,44.12
2022-09-26,26.865,27.001,26.183,26.29,44.79
2022-09-23,27.197,27.197,26.505,26.826,43.49
2022-09-22,27.684,27.782,27.333,27.363,36.09
2022-09-21,28.415,28.844,27.743,27.753,39.98
2022-09-20,28.333,28.43,27.986,28.23,31.13
2022-09-19,28.289,28.757,28.172,28.698,33.15
2022-09-16,27.977,28.581,27.704,28.503,72.75
2022-09-15,28.415,28.669,27.986,28.113,39.92
2022-09-14,28.805,29.015,28.279,28.445,40.77
2022-09-13,30.053,30.151,28.513,28.552,71.42
2022-09-12,30.935,31.057,30.316,30.765,38.31
2022-09-09,30.404,30.706,30.292,30.667,34.08
2022-09-08,29.605,30.069,29.156,29.975,37.36
2022-09-07,29.653,30.009,29.293,29.878,37.33
2022-09-06,30.599,30.599,29.566,29.595,46.99
2022-09-02,31.398,31.559,30.277,30.433,34.89
2022-09-01,30.776,31.023,30.345,30.96,36.44
2022-08-31,31.569,31.569,30.969,31.116,44.07
2022-08-30,32.207,32.237,31.34,31.447,40.18
2022-08-29,32.388,32.568,31.983,32.11,32.98
2022-08-26,34.069,34.142,32.51,32.519,44.85
2022-08-25,33.016,34.05,32.968,34.011,29.80
2022-08-24,33.114,33.133,32.753,33.007,25.11
2022-08-23,33.124,33.523,33.055,33.094,30.69
2022-08-22,34.118,34.176,32.88,32.987,51.01
2022-08-19,34.898,35.117,34.303,34.488,31.43
2022-08-18,34.781,35.414,34.674,35.288,24.60
2022-08-17,34.908,35.166,34.381,34.878,29.18
2022-08-16,35.249,35.653,34.80,35.278,25.00
2022-08-15,35.19,35.512,34.81,35.424,25.40
2022-08-12,34.898,35.229,34.771,35.20,37.68
2022-08-11,34.742,35.375,34.591,34.693,35.57
2022-08-10,34.108,34.508,33.718,34.479,42.24
2022-08-09,34.332,34.41,33.533,33.65,48.20
2022-08-08,34.469,35.054,34.313,34.488,41.60
2022-08-05,34.454,34.791,34.293,34.498,40.21
2022-08-04,35.104,35.19,34.469,34.761,54.05
2022-08-03,34.829,35.311,34.028,35.244,59.51
2022-08-02,35.311,35.379,34.742,34.752,53.93
2022-08-01,34.79,36.373,34.79,35.668,52.51
2022-07-29,34.361,35.34,34.009,35.041,125.29
2022-07-28,38.689,38.718,37.676,38.322,56.66
2022-07-27,37.898,39.012,37.859,38.776,42.57
2022-07-26,37.734,38.182,37.521,37.599,35.93
2022-07-25,37.912,38.033,37.203,37.792,32.26
2022-07-22,38.959,39.094,37.579,37.83,41.35
2022-07-21,39.094,39.225,38.428,39.191,29.66
2022-07-20,38.805,39.249,38.178,39.143,36.39
2022-07-19,37.946,39.307,37.869,38.814,53.10
2022-07-18,37.734,37.965,37.179,37.357,30.81
2022-07-15,36.933,37.319,36.412,37.27,32.89
2022-07-14,35.697,36.822,35.022,36.392,36.69
2022-07-13,35.398,36.122,35.34,35.91,27.06
2022-07-12,36.334,36.383,35.697,35.91,30.55
2022-07-11,36.344,36.358,35.736,35.90,25.95
2022-07-08,36.344,36.807,36.083,36.662,22.57
2022-07-07,36.566,36.991,36.412,36.807,33.17
2022-07-06,35.533,36.117,35.186,35.697,26.26
2022-07-05,34.674,35.456,34.298,35.408,33.23
2022-07-01,35.794,35.90,34.626,35.07,40.60
2022-06-30,35.91,36.672,35.442,36.103,35.14
2022-06-29,36.228,36.281,35.726,35.987,25.44
2022-06-28,37.232,37.656,36.421,36.46,37.84
2022-06-27,37.512,37.695,37.126,37.28,29.59
2022-06-24,36.522,37.29,36.421,37.261,38.16
2022-06-23,36.296,36.305,35.62,36.103,30.16
2022-06-22,36.025,36.45,35.919,36.074,32.59
2022-06-21,36.054,36.696,36.021,36.412,34.00
2022-06-17,36.17,36.788,35.321,35.678,71.39
2022-06-16,36.378,36.469,35.639,36.035,45.58
2022-06-15,37.213,37.801,36.595,37.299,37.65
2022-06-14,36.682,36.865,36.228,36.605,31.35
2022-06-13,37.203,37.454,36.354,36.45,50.34
2022-06-10,38.457,38.679,37.811,37.811,43.08
2022-06-09,39.577,39.905,38.612,38.612,39.05
2022-06-08,40.774,40.783,39.596,39.789,59.65
2022-06-07,41.555,42.067,41.169,42.009,25.17
2022-06-06,42.279,42.501,41.575,41.825,25.44
2022-06-03,42.564,42.70,41.825,41.874,33.17
2022-06-02,42.646,43.312,42.404,43.273,28.73
2022-06-01,43.205,43.36,42.004,42.569,29.89
2022-05-31,42.704,43.186,42.12,42.868,41.11
2022-05-27,42.067,42.993,42.028,42.993,30.55
2022-05-26,40.696,42.154,40.609,41.961,28.83
2022-05-25,39.992,41.029,39.944,40.725,26.28
2022-05-24,40.241,40.426,39.664,40.214,29.84
2022-05-23,40.233,40.774,39.881,40.532,27.20
2022-05-20,40.769,40.812,38.901,40.195,44.80
2022-05-19,40.841,41.208,40.262,40.542,29.18
2022-05-18,42.443,42.443,40.745,40.87,35.22
2022-05-17,42.289,42.868,42.125,42.848,28.60
2022-05-16,41.903,42.086,41.29,41.575,25.07
2022-05-13,41.903,42.308,41.468,42.076,32.03
2022-05-12,41.237,41.406,40.542,41.343,42.33
2022-05-11,42.482,42.742,41.285,41.333,40.35
2022-05-10,42.80,43.172,41.98,42.472,42.77
2022-05-09,42.279,42.655,41.372,41.565,44.93
2022-05-06,42.935,43.572,42.308,42.752,40.92
2022-05-05,44.006,44.306,42.588,43.041,53.00
2022-05-04,43.144,44.657,42.522,44.561,44.63
2022-05-03,42.886,43.556,42.35,43.144,40.16
2022-05-02,41.861,43.077,41.66,43.049,45.45
2022-04-29,43.077,43.432,41.651,41.737,70.77
2022-04-28,43.838,45.26,43.605,44.849,41.10
2022-04-27,43.546,44.102,43.096,43.297,28.32
2022-04-26,44.705,44.849,43.575,43.585,35.36
2022-04-25,44.245,45.136,44.217,45.059,36.00
2022-04-22,45.433,45.624,44.523,44.561,28.22
2022-04-21,46.553,46.821,45.385,45.481,27.32
2022-04-20,46.304,46.677,45.935,46.065,22.79
2022-04-19,44.619,45.959,44.37,45.892,31.48
2022-04-18,43.594,44.896,43.585,44.657,25.59
2022-04-14,44.758,44.762,43.68,43.728,36.18
2022-04-13,44.762,45.259,44.571,45.011,22.17
2022-04-12,45.308,45.873,44.437,44.523,29.86
2022-04-11,44.906,45.284,44.552,44.59,30.35
2022-04-08,45.27,45.557,44.853,45.021,22.17
2022-04-07,45.409,45.873,44.782,45.538,24.12
2022-04-06,45.423,46.122,45.232,45.519,31.52
2022-04-05,46.754,46.898,45.978,46.084,25.78
2022-04-04,46.122,47.137,45.878,47.108,23.81
2022-04-01,47.711,47.779,45.313,46.065,46.60
2022-03-31,49.023,49.081,47.405,47.453,43.70
2022-03-30,50.029,50.278,49.042,49.243,24.62
2022-03-29,49.789,50.067,49.095,50.029,27.30
2022-03-28,49.176,49.378,48.41,49.32,22.93
2022-03-25,48.535,49.768,48.305,49.626,33.25
2022-03-24,46.591,49.454,46.524,49.425,51.68
2022-03-23,46.40,47.472,46.017,46.218,37.13
2022-03-22,45.481,46.409,45.385,46.333,27.92
2022-03-21,45.442,45.854,45.064,45.375,32.91
2022-03-18,44.829,45.576,44.379,45.433,46.24
2022-03-17,44.351,45.277,43.786,45.136,28.55
2022-03-16,43.374,44.648,43.345,44.648,38.89
2022-03-15,42.608,42.991,42.196,42.905,34.45
2022-03-14,43.949,44.025,42.417,42.512,35.99
2022-03-11,45.145,45.265,43.819,43.882,27.08
2022-03-10,45.279,45.299,44.193,44.676,36.46
2022-03-09,46.352,46.40,44.892,45.605,36.08
2022-03-08,45.662,46.649,44.896,45.481,44.81
2022-03-07,45.964,46.476,45.576,45.653,43.81
2022-03-04,45.356,46.213,45.356,46.026,38.32
2022-03-03,46.132,46.486,45.599,45.892,36.39
2022-03-02,45.50,46.907,45.461,46.792,46.94
2022-03-01,45.519,45.864,44.255,44.829,53.85
2022-02-28,45.002,45.787,44.858,45.672,41.95
2022-02-25,44.935,45.758,44.284,45.682,39.27
2022-02-24,42.034,44.801,41.77,44.734,72.74
2022-02-23,43.25,43.767,42.657,42.752,38.18
2022-02-22,42.79,43.475,41.986,42.79,57.09
2022-02-18,44.226,44.245,42.618,43.125,76.52
2022-02-17,45.825,46.208,45.366,45.548,32.03
2022-02-16,46.017,46.428,45.576,46.18,26.02
2022-02-15,45.672,46.40,45.184,46.381,35.86
2022-02-14,45.883,46.129,45.107,45.557,28.46
2022-02-11,46.869,47.022,45.481,45.605,37.21
2022-02-10,47.089,47.81,46.687,46.783,32.76
2022-02-09,47.233,47.846,46.749,47.788,35.22
2022-02-08,45.94,46.859,45.864,46.735,28.05
2022-02-07,46.084,46.591,45.921,46.132,27.56
2022-02-04,45.825,46.189,45.126,45.969,32.43
2022-02-03,46.80,47.213,45.849,45.878,42.15
2022-02-02,45.845,47.113,45.697,47.047,37.96
2022-02-01,46.348,46.591,45.954,46.515,35.39
2022-01-31,45.308,46.439,44.951,46.391,51.83
2022-01-28,45.336,45.802,43.996,45.355,61.95
2022-01-27,47.493,47.569,45.403,45.659,89.64
2022-01-26,48.586,50.097,48.225,49.118,54.90
2022-01-25,48.472,49.052,47.75,48.463,44.10
2022-01-24,48.919,49.536,47.398,49.356,64.27
2022-01-21,49.489,50.487,49.365,49.451,46.37
2022-01-20,51.18,51.394,49.356,49.451,28.58
2022-01-19,51.912,52.121,50.895,50.952,30.60
2022-01-18,52.558,52.881,51.959,52.036,35.33
2022-01-14,52.121,52.995,51.817,52.929,30.15
2022-01-13,53.214,53.413,52.045,52.207,29.61
2022-01-12,53.343,53.48,52.083,52.967,29.14
2022-01-11,52.739,53.29,52.007,53.128,39.80
2022-01-10,51.285,52.558,50.658,52.463,49.26
2022-01-07,51.494,51.684,50.506,50.781,30.72
2022-01-06,51.893,51.95,50.757,51.323,35.76
2022-01-05,51.492,53.375,51.152,51.19,59.11
2022-01-04,50.905,51.252,50.03,50.496,45.68
2022-01-03,49.08,50.582,49.033,50.563,33.89
2021-12-31,49.308,49.564,48.90,48.938,16.32
2021-12-30,49.337,49.546,49.08,49.166,18.36
2021-12-29,49.232,49.546,49.09,49.251,14.17
2021-12-28,49.346,49.527,49.061,49.185,19.29
2021-12-27,48.795,49.47,48.75,49.356,20.99
2021-12-23,48.539,49.156,48.51,48.757,25.20
2021-12-22,48.12,48.482,47.712,48.434,23.31
2021-12-21,47.455,48.311,47.455,48.244,31.96
2021-12-20,47.427,47.636,46.524,47.132,30.14
2021-12-17,48.073,48.482,47.522,48.101,50.19
2021-12-16,48.216,48.843,48.059,48.301,33.13
2021-12-15,47.389,48.254,46.871,48.149,32.59
2021-12-14,47.341,47.769,46.866,47.227,34.12
2021-12-13,48.32,48.482,47.465,47.512,35.73
2021-12-10,48.311,48.529,47.56,48.073,23.78
2021-12-09,48.748,49.018,47.921,47.968,31.69
2021-12-08,49.954,50.249,48.827,49.175,37.14
2021-12-07,51.94,52.264,49.612,49.954,91.73
2021-12-06,47.018,48.662,46.733,48.453,40.34
2021-12-03,47.204,47.569,46.334,46.80,32.22
2021-12-02,46.192,47.317,45.925,47.037,37.24
2021-12-01,47.36,47.803,46.106,46.182,35.13
2021-11-30,47.037,47.892,46.258,46.752,49.46
2021-11-29,46.847,47.636,46.296,47.512,31.48
2021-11-26,46.467,46.728,45.721,46.353,25.27
2021-11-24,46.424,47.303,46.211,47.284,26.04
2021-11-23,47.664,47.94,46.22,46.657,44.71
2021-11-22,47.085,48.32,46.952,47.351,33.39
2021-11-19,47.132,47.256,46.79,47.056,27.32
2021-11-18,47.74,47.74,46.534,47.208,30.67
2021-11-17,48.082,48.405,47.493,47.731,23.55
2021-11-16,47.864,48.605,47.835,48.092,30.93
2021-11-15,47.902,48.111,47.626,47.816,24.70
2021-11-12,48.078,48.368,47.683,47.807,23.88
2021-11-11,48.472,48.529,47.902,48.016,25.42
2021-11-10,48.439,48.831,48.187,48.235,25.04
2021-11-09,48.976,49.194,48.239,48.653,22.51
2021-11-08,48.90,49.403,48.52,48.985,31.65
2021-11-05,48.035,49.014,48.025,48.387,36.82
2021-11-04,47.74,47.845,47.256,47.807,24.81
2021-11-03,47.12,47.609,46.911,47.553,23.96
2021-11-02,46.817,47.086,46.458,47.053,27.19
2021-11-01,46.618,46.807,46.241,46.76,28.01
2021-10-29,45.392,46.505,45.222,46.241,42.30
2021-10-28,45.429,45.637,45.184,45.373,31.32
2021-10-27,45.788,46.067,45.175,45.194,41.08
2021-10-26,46.618,46.656,45.231,45.562,68.41
2021-10-25,47.02,47.251,46.534,46.628,43.18
2021-10-22,47.553,47.704,46.373,46.675,109.97
2021-10-21,51.832,52.913,51.743,52.847,38.39
2021-10-20,52.139,52.361,51.979,52.252,16.85
2021-10-19,51.55,52.111,51.309,52.101,18.39
2021-10-18,51.134,51.488,50.695,51.403,22.41
2021-10-15,51.148,51.422,50.78,51.394,25.23
2021-10-14,49.917,50.959,49.761,50.865,26.59
2021-10-13,49.431,49.618,48.945,49.317,18.53
2021-10-12,50.554,50.695,49.082,49.233,32.78
2021-10-11,50.78,51.346,50.412,50.431,14.40
2021-10-08,51.479,51.507,50.676,50.78,16.07
2021-10-07,51.261,51.889,51.073,51.129,20.70
2021-10-06,50.469,51.026,50.082,50.941,20.06
2021-10-05,50.535,51.28,50.464,50.912,18.13
2021-10-04,50.893,51.271,50.091,50.459,27.35
2021-10-01,50.624,51.059,50.063,50.827,19.90
2021-09-30,50.733,50.941,50.261,50.28,20.53
2021-09-29,50.959,51.007,50.186,50.478,20.51
2021-09-28,51.129,51.516,50.922,50.959,24.69
2021-09-27,50.903,51.78,50.79,51.582,13.90
2021-09-24,50.747,51.359,50.705,51.167,12.98
2021-09-23,50.724,51.243,50.582,50.988,16.47
2021-09-22,50.393,50.837,50.016,50.488,18.59
2021-09-21,50.205,50.44,49.855,49.893,17.97
2021-09-20,50.217,50.488,49.374,49.997,35.05
2021-09-17,51.516,51.516,50.643,51.205,35.36
2021-09-16,51.771,51.856,51.186,51.743,19.86
2021-09-15,51.592,52.045,51.356,52.016,18.80
2021-09-14,52.252,52.318,51.214,51.45,22.07
2021-09-13,51.535,52.361,51.346,51.894,22.64
2021-09-10,50.818,51.884,50.78,50.808,20.32
2021-09-09,50.639,50.856,50.337,50.393,13.50
2021-09-08,50.705,50.884,50.006,50.554,18.24
2021-09-07,50.554,50.912,50.431,50.629,13.91
2021-09-03,50.431,51.035,50.317,50.497,13.47
2021-09-02,50.771,50.856,50.346,50.705,15.88
2021-09-01,51.063,51.106,50.516,50.648,18.62
2021-08-31,51.375,51.431,50.639,51.016,22.35
2021-08-30,51.205,51.78,50.733,50.903,14.58
2021-08-27,50.356,50.903,49.94,50.856,16.52
2021-08-26,50.719,50.719,49.99,50.138,19.57
2021-08-25,51.035,51.177,50.706,50.78,15.05
2021-08-24,50.54,50.931,50.308,50.78,20.35
2021-08-23,49.629,50.521,49.525,50.233,23.98
2021-08-20,49.223,49.431,48.525,49.082,25.73
2021-08-19,49.123,49.704,48.676,49.487,23.00
2021-08-18,49.638,50.044,49.176,49.251,15.06
2021-08-17,50.176,50.184,49.28,49.723,22.01
2021-08-16,50.233,50.478,50.016,50.459,17.69
2021-08-13,50.488,50.54,50.068,50.478,15.28
2021-08-12,51.12,51.129,50.256,50.525,15.07
2021-08-11,51.205,51.299,50.808,51.092,18.59
2021-08-10,51.186,51.323,50.497,50.903,16.22
2021-08-09,51.035,51.346,50.799,51.007,14.67
2021-08-06,50.827,51.082,50.705,50.884,19.26
2021-08-05,50.95,50.978,50.563,50.856,15.31
2021-08-04,50.865,51.043,50.35,50.537,17.61
2021-08-03,50.528,50.781,49.937,50.687,16.38
2021-08-02,50.622,51.072,50.195,50.331,18.10
2021-07-30,50.303,50.537,49.928,50.368,16.47
2021-07-29,50.143,50.725,49.993,50.35,16.89
2021-07-28,49.721,50.556,49.637,50.35,28.48
2021-07-27,49.806,49.881,49.046,49.862,39.88
2021-07-26,49.515,51.137,49.468,50.922,32.88
2021-07-23,51.175,51.297,49.056,49.693,67.74
2021-07-22,52.562,53.012,52.206,52.469,36.69
2021-07-21,51.737,52.769,51.578,52.722,18.50
2021-07-20,51.489,52.094,50.883,51.794,19.87
2021-07-19,51.015,51.386,50.603,51.231,27.01
2021-07-16,52.553,53.378,51.475,51.54,25.26
2021-07-15,52.881,52.881,52.103,52.328,18.92
2021-07-14,53.603,53.87,52.819,52.994,16.26
2021-07-13,53.087,53.725,52.825,53.322,15.72
2021-07-12,52.75,53.214,52.609,53.191,15.39
2021-07-09,52.047,52.605,51.859,52.497,18.71
2021-07-08,51.859,52.244,51.372,51.934,19.16
2021-07-07,52.853,52.928,52.23,52.469,14.86
2021-07-06,53.369,53.453,52.225,52.591,26.19
2021-07-02,53.022,53.434,52.806,53.219,17.22
2021-07-01,52.628,53.106,52.384,52.516,24.87
2021-06-30,52.825,52.858,51.934,52.637,29.89
2021-06-29,53.959,54.222,52.394,53.209,26.36
2021-06-28,52.844,54.124,52.825,53.894,22.48
2021-06-25,52.525,52.886,52.267,52.422,21.10
2021-06-24,52.028,52.60,51.887,52.572,21.21
2021-06-23,52.384,52.482,51.784,51.812,20.29
2021-06-22,52.45,52.769,52.042,52.384,18.68
2021-06-21,52.272,52.544,51.915,52.384,19.25
2021-06-18,53.144,53.209,51.662,52.197,55.12
2021-06-17,53.491,54.288,53.162,53.613,21.50
2021-06-16,54.522,54.728,53.223,53.65,21.88
2021-06-15,54.578,54.77,54.194,54.372,20.81
2021-06-14,54.40,54.569,53.659,54.56,21.78
2021-06-11,53.884,54.325,53.397,54.241,18.12
2021-06-10,53.584,54.409,53.373,53.80,26.74
2021-06-09,53.781,53.889,53.416,53.444,13.90
2021-06-08,53.866,54.044,53.069,53.444,33.25
2021-06-07,53.828,53.856,53.233,53.528,17.36
2021-06-04,53.022,54.147,53.012,53.791,21.49
2021-06-03,53.425,53.538,52.586,52.731,21.83
2021-06-02,53.359,54.091,53.214,53.894,18.48
2021-06-01,54.016,54.213,53.059,53.341,20.33
2021-05-28,53.959,54.053,53.388,53.556,20.31
2021-05-27,53.547,54.269,53.444,54.128,32.39
2021-05-26,53.491,53.659,53.055,53.369,15.17
2021-05-25,53.969,53.969,52.90,53.322,22.31
2021-05-24,53.114,53.809,52.881,53.406,19.16
2021-05-21,52.90,53.172,52.487,52.581,17.72
2021-05-20,52.103,52.731,51.906,52.459,23.15
2021-05-19,50.697,51.972,50.483,51.906,23.77
2021-05-18,52.459,52.637,51.381,51.419,18.70
2021-05-17,51.84,52.403,51.344,51.878,20.01
2021-05-14,51.198,52.362,50.87,51.897,28.16
2021-05-13,50.668,50.997,50.125,50.64,29.19
2021-05-12,50.997,51.24,50.087,50.275,30.23
2021-05-11,51.615,52.159,50.912,51.606,35.97
2021-05-10,53.581,53.659,52.394,52.478,35.05
2021-05-07,54.10,54.391,53.669,54.072,19.96
2021-05-06,53.083,53.678,52.736,53.622,25.53
2021-05-05,53.08,53.397,52.614,52.977,21.00
2021-05-04,53.005,53.098,52.008,53.024,35.32
2021-05-03,53.914,53.934,52.968,53.359,22.28
2021-04-30,53.686,54.45,53.182,53.611,30.73
2021-04-29,53.937,54.328,53.555,54.31,23.29
2021-04-28,53.602,54.198,53.257,53.695,30.39
2021-04-27,54.566,54.636,53.835,54.021,38.17
2021-04-26,55.074,55.465,54.478,54.757,39.65
2021-04-23,55.13,55.913,53.956,55.204,77.52
2021-04-22,59.034,59.556,58.037,58.308,38.26
2021-04-21,58.513,59.431,58.056,59.361,24.36
2021-04-20,59.305,59.417,58.159,58.429,19.87
2021-04-19,60.293,60.33,58.774,59.295,24.00
2021-04-16,60.88,61.057,60.171,60.339,24.63
2021-04-15,59.612,60.772,59.342,60.591,24.93
2021-04-14,60.861,60.926,59.491,59.817,25.77
2021-04-13,61.141,61.163,59.836,60.777,26.82
2021-04-12,63.554,63.824,60.302,60.949,51.27
2021-04-09,62.247,63.74,62.091,63.61,27.18
2021-04-08,62.408,62.706,61.839,62.482,22.22
2021-04-07,61.196,62.035,60.908,61.737,17.79
2021-04-06,61.561,62.04,60.842,61.094,28.77
2021-04-05,60.525,62.194,60.293,62.007,27.95
2021-04-01,60.316,60.47,59.244,60.153,31.42
2021-03-31,59.65,60.097,59.249,59.64,33.01
2021-03-30,59.426,59.64,58.848,59.426,20.71
2021-03-29,59.651,60.689,59.277,60.106,26.16
2021-03-26,57.59,60.544,57.562,60.451,34.71
2021-03-25,57.455,58.186,56.821,57.795,35.40
2021-03-24,62.044,62.846,57.767,57.814,74.58
2021-03-23,61.504,61.551,58.867,59.156,35.16
2021-03-22,60.404,61.858,60.162,61.159,34.38
2021-03-19,58.876,60.563,58.634,59.417,54.95
2021-03-18,61.159,61.224,59.314,59.384,30.11
2021-03-17,59.848,61.774,59.37,61.299,32.39
2021-03-16,59.78,61.253,59.715,60.367,30.19
2021-03-15,59.277,59.524,58.224,59.445,21.25
2021-03-12,58.382,58.988,58.00,58.615,20.17
2021-03-11,58.652,59.724,58.14,58.997,30.70
2021-03-10,58.913,59.752,57.898,58.009,27.16
2021-03-09,57.012,58.862,56.695,58.401,36.39
2021-03-08,56.349,57.492,55.652,55.773,33.11
2021-03-05,55.223,57.008,54.524,56.602,39.51
2021-03-04,55.754,56.132,53.96,54.356,40.21
2021-03-03,56.509,57.329,55.633,55.82,28.74
2021-03-02,58.522,58.839,56.947,57.068,23.32
2021-03-01,57.516,58.783,57.45,58.596,28.50
2021-02-26,56.742,57.488,55.614,56.64,38.22
2021-02-25,58.154,59.212,56.034,56.285,36.39
2021-02-24,56.407,58.969,56.267,58.885,24.67
2021-02-23,56.36,57.306,55.139,56.956,27.37
2021-02-22,57.665,58.429,56.528,56.574,32.29
2021-02-19,57.693,58.951,57.637,58.718,28.29
2021-02-18,56.514,57.758,56.509,57.413,17.85
2021-02-17,57.301,57.949,57.04,57.637,21.07
2021-02-16,57.776,58.587,57.497,58.214,26.33
2021-02-12,56.472,58.252,56.313,57.599,26.21
2021-02-11,55.069,56.835,54.85,56.528,27.54
2021-02-10,55.26,55.372,54.161,54.85,16.33
2021-02-09,54.766,55.27,53.988,54.776,28.75
2021-02-08,54.398,55.186,54.002,55.13,34.36
2021-02-05,54.981,55.055,54.161,54.217,23.43
2021-02-04,53.686,54.869,53.294,54.785,29.85
2021-02-03,53.625,54.029,53.149,53.427,21.89
2021-02-02,52.973,53.983,52.686,53.723,23.58
2021-02-01,51.824,53.158,51.602,52.51,26.93
2021-01-29,51.852,52.945,51.273,51.417,37.26
2021-01-28,50.75,53.168,50.667,51.931,49.20
2021-01-27,50.583,50.804,49.37,49.638,49.72
2021-01-26,51.199,52.056,50.806,51.139,31.49
2021-01-25,52.223,52.334,50.074,51.352,61.97
2021-01-22,54.511,55.224,52.473,52.482,85.73
2021-01-21,54.685,59.235,53.93,57.854,87.16
2021-01-20,53.946,54.853,53.807,54.344,28.70
2021-01-19,53.668,54.038,52.89,53.714,35.65
2021-01-15,54.511,55.252,53.26,53.334,50.27
2021-01-14,54.14,55.705,53.575,54.881,74.68
2021-01-13,55.113,55.807,52.704,52.751,124.07
2021-01-12,48.073,49.879,47.758,49.314,39.88
2021-01-11,47.508,48.388,47.471,47.74,32.93
2021-01-08,48.583,48.657,47.49,47.842,34.63
2021-01-07,47.693,48.805,47.517,48.342,32.09
2021-01-06,46.716,48.305,46.498,47.332,36.81
2021-01-05,45.799,47.082,45.693,46.878,24.87
2020-12-31,45.155,46.489,45.128,46.146,28.58
2020-12-30,45.489,45.563,44.979,45.155,37.39
2020-12-29,43.738,46.931,43.062,45.748,84.53
2020-12-28,43.71,44.123,43.405,43.599,21.27
2020-12-24,43.164,43.618,42.923,43.599,11.87
2020-12-23,42.761,43.562,42.673,43.136,22.56
2020-12-22,42.84,42.923,42.39,42.766,32.19
2020-12-21,42.905,43.025,41.904,42.942,53.78
2020-12-18,46.841,46.943,43.636,43.96,119.30
2020-12-17,47.378,47.536,46.517,46.915,26.40
2020-12-16,46.971,47.666,46.943,47.351,28.35
2020-12-15,47.221,47.249,46.508,46.929,25.47
2020-12-14,46.146,47.554,46.072,46.749,33.44
2020-12-11,46.443,46.443,45.493,46.063,29.40
2020-12-10,45.998,46.98,45.933,46.554,33.71
2020-12-09,46.573,47.09,46.063,46.378,34.07
2020-12-08,46.156,46.98,46.137,46.952,28.96
2020-12-07,47.239,47.508,45.906,46.498,51.04
2020-12-04,47.295,48.768,47.239,48.152,39.77
2020-12-03,46.239,47.341,46.109,47.23,50.26
2020-12-02,45.591,46.369,45.554,46.221,33.75
2020-12-01,45.155,46.522,45.118,45.906,57.78
2020-11-30,43.923,44.924,43.78,44.785,46.33
2020-11-27,43.868,44.553,43.868,43.951,15.92
2020-11-25,43.562,43.701,43.136,43.581,28.13
2020-11-24,42.877,43.812,42.617,43.544,33.90
2020-11-23,42.126,42.803,42.099,42.664,35.49
2020-11-20,42.293,42.497,41.988,42.043,24.20
2020-11-19,41.608,42.302,41.404,42.256,29.47
2020-11-18,42.191,42.316,41.719,41.737,32.82
2020-11-17,42.377,42.719,42.057,42.173,31.07
2020-11-16,42.645,43.303,42.414,42.784,36.31
2020-11-13,41.673,42.219,41.654,42.108,30.90
2020-11-12,42.729,42.784,41.265,41.636,42.91
2020-11-11,42.516,43.03,42.478,42.932,31.50
2020-11-10,42.052,43.053,41.913,42.089,39.22
2020-11-09,43.201,43.859,42.182,42.238,48.48
2020-11-06,42.182,42.418,41.589,42.043,36.23
2020-11-05,42.747,42.96,42.168,42.312,31.10
2020-11-04,41.482,42.438,41.179,42.025,34.75
2020-11-03,41.133,41.804,41.105,41.243,33.59
2020-11-02,41.344,41.431,40.682,40.884,33.86
2020-10-30,40.553,41.192,40.103,40.719,46.79
2020-10-29,40.682,40.894,40.388,40.562,36.80
2020-10-28,41.28,41.643,40.645,40.691,45.07
2020-10-27,42.282,42.677,41.712,41.969,50.13
2020-10-26,44.002,44.011,42.53,42.963,54.16
2020-10-23,44.461,44.751,43.827,44.324,97.32
2020-10-22,48.848,49.859,48.802,49.565,41.52
2020-10-21,48.866,49.721,48.572,49.197,21.87
2020-10-20,50.209,50.301,48.986,49.133,27.22
2020-10-19,50.089,51.708,49.51,50.19,43.54
2020-10-16,49.565,50.301,49.565,49.804,23.42
2020-10-15,48.508,49.639,48.388,49.519,18.27
2020-10-14,49.666,50.025,49.206,49.243,21.89
2020-10-13,49.905,49.924,49.308,49.501,20.01
2020-10-12,49.243,49.841,48.931,49.547,27.30
2020-10-09,49.243,49.519,48.434,48.572,24.34
2020-10-08,48.655,49.271,48.434,49.078,22.37
2020-10-07,47.68,48.646,47.625,48.434,21.98
2020-10-06,47.551,48.462,47.11,47.239,25.64
2020-10-05,47.174,47.643,47.147,47.533,20.88
2020-10-02,47.358,47.799,46.889,46.908,25.81
2020-10-01,48.186,48.48,47.809,48.039,22.13
2020-09-30,47.119,48.167,47.036,47.616,27.71
2020-09-29,47.179,47.574,46.852,47.073,19.69
2020-09-28,46.448,47.321,46.126,47.294,29.65
2020-09-25,45.022,46.236,44.829,45.924,26.63
2020-09-24,44.627,45.648,44.526,45.206,29.34
2020-09-23,45.822,46.112,44.747,44.894,30.08
2020-09-22,45.878,46.172,45.491,45.933,22.29
2020-09-21,45.418,45.744,44.903,45.721,27.38
2020-09-18,46.282,46.439,45.096,45.878,50.12
2020-09-17,45.399,46.425,45.335,46.273,26.96
2020-09-16,46.448,46.926,46.13,46.319,26.56
2020-09-15,45.786,46.531,45.73,45.979,27.60
2020-09-14,44.921,45.721,44.921,45.436,27.21
2020-09-11,45.301,46.025,45.013,45.317,29.33
2020-09-10,45.979,46.062,44.793,45.022,32.65
2020-09-09,45.547,45.95,45.096,45.629,33.44
2020-09-08,45.298,45.887,44.921,44.976,39.75
2020-09-04,46.466,47.11,45.51,46.052,43.32
2020-09-03,48.278,48.388,46.103,46.337,47.39
2020-09-02,47.091,48.443,46.981,48.048,53.00
2020-09-01,46.816,46.898,46.181,46.705,30.52
2020-08-31,46.898,47.358,46.273,46.852,46.11
2020-08-28,45.583,46.714,45.482,46.374,35.38
2020-08-27,45.786,45.914,45.216,45.427,24.42
2020-08-26,45.418,45.675,45.271,45.565,28.62
2020-08-25,45.381,45.868,45.252,45.455,38.38
2020-08-24,45.298,45.427,44.894,45.188,36.30
2020-08-21,45.078,45.344,44.737,45.317,34.32
2020-08-20,45.804,46.163,45.059,45.216,55.08
2020-08-19,44.861,45.041,44.37,44.443,27.77
2020-08-18,45.298,45.583,44.71,44.737,19.25
2020-08-17,45.16,45.34,44.811,44.995,20.02
2020-08-14,44.811,45.252,44.737,44.958,22.32
2020-08-13,45.298,45.363,44.494,44.655,24.77
2020-08-12,44.756,45.298,44.36,45.234,30.69
2020-08-11,45.639,45.73,44.195,44.314,35.35
2020-08-10,44.324,45.418,44.195,45.261,37.44
2020-08-07,44.627,44.737,43.864,44.167,36.77
2020-08-06,44.866,44.894,44.232,44.664,23.80
2020-08-05,45.413,45.413,44.445,44.682,29.47
2020-08-04,44.39,44.883,44.299,44.874,29.05
2020-08-03,44.088,44.414,43.604,44.116,31.77
2020-07-31,43.961,44.136,42.901,43.595,46.57
2020-07-30,43.687,44.299,43.467,43.833,39.74
2020-07-29,45.203,45.212,43.751,43.906,60.50
2020-07-28,45.194,45.879,44.883,44.974,62.36
2020-07-27,46.609,46.71,45.18,45.276,107.53
2020-07-24,47.632,47.66,45.212,46.207,182.27
2020-07-23,55.949,56.392,54.784,55.168,43.52
2020-07-22,55.999,56.414,55.369,55.761,18.96
2020-07-21,56.186,56.563,55.204,55.442,19.83
2020-07-20,54.875,56.063,54.199,55.853,16.87
2020-07-17,54.273,55.222,54.145,54.802,16.32
2020-07-16,53.469,54.218,53.341,54.017,12.43
2020-07-15,53.916,54.199,53.359,53.916,20.03
2020-07-14,52.86,54.117,52.377,53.871,24.23
2020-07-13,54.656,55.369,53.332,53.505,19.09
2020-07-10,52.93,54.519,52.82,54.373,17.74
2020-07-09,53.158,53.656,52.702,53.359,20.68
2020-07-08,53.387,53.61,52.912,53.533,13.28
2020-07-07,53.953,54.41,53.103,53.259,16.00
2020-07-06,53.633,54.455,53.524,54.382,20.58
2020-07-02,54.062,54.629,53.862,54.008,15.58
2020-07-01,54.72,54.83,53.67,53.715,14.76
2020-06-30,53.624,54.784,53.469,54.647,31.54
2020-06-29,52.491,53.295,51.843,53.222,22.15
2020-06-26,53.423,53.642,52.126,52.519,38.48
2020-06-25,53.871,53.971,52.501,53.441,21.91
2020-06-24,54.473,54.624,53.588,53.971,27.76
2020-06-23,54.976,55.232,54.676,54.729,22.81
2020-06-22,54.556,55.30,53.734,54.885,22.85
2020-06-19,55.396,55.615,53.98,54.455,60.32
2020-06-18,55.122,55.268,54.181,54.875,24.90
2020-06-17,55.478,55.971,54.857,55.25,20.45
2020-06-16,56.163,56.309,54.336,55.168,23.23
2020-06-15,54.19,55.131,53.505,54.894,29.65
2020-06-12,54.903,55.679,53.086,54.19,30.42
2020-06-11,57.561,57.816,54.364,54.528,27.00
2020-06-10,57.351,58.72,57.314,58.337,21.37
2020-06-09,57.536,58.191,57.451,57.579,23.59
2020-06-08,58.428,58.593,57.488,58.154,21.55
2020-06-05,57.871,59.47,57.689,58.766,26.81
2020-06-04,56.392,57.972,56.03,57.515,22.01
2020-06-03,57.04,57.122,56.20,56.565,16.74
2020-06-02,56.355,56.784,55.556,56.739,20.70
2020-06-01,57.072,57.232,56.318,56.501,14.33
2020-05-29,56.538,58.145,56.282,57.478,33.40
2020-05-28,57.542,57.953,56.163,56.355,17.26
2020-05-27,56.921,58.081,55.78,58.054,19.89
2020-05-26,58.164,58.584,56.739,56.94,20.93
2020-05-22,56.611,56.921,56.099,56.862,14.10
2020-05-21,57.629,58.273,56.465,56.611,20.99
2020-05-20,55.862,57.989,55.734,57.634,30.58
2020-05-19,54.921,56.419,54.665,55.067,21.87
2020-05-18,54.62,55.058,54.218,54.729,20.44
2020-05-15,52.428,53.314,52.026,53.231,21.37
2020-05-14,52.354,54.026,51.24,53.962,21.57
2020-05-13,53.387,54.099,51.971,52.738,21.06
2020-05-12,55.003,55.387,53.213,53.332,16.75
2020-05-11,54.565,55.57,54.537,54.921,18.68
2020-05-08,54.50,54.601,53.935,54.501,20.39
2020-05-07,54.738,54.891,53.816,54.044,14.73
2020-05-06,53.925,54.757,53.834,54.053,17.85
2020-05-05,53.396,53.859,52.996,53.359,17.25
2020-05-04,51.879,52.742,51.143,52.669,18.96
2020-05-01,53.432,53.877,52.051,52.197,21.19
2020-04-30,55.736,55.893,54.267,54.476,26.28
2020-04-29,53.986,56.338,53.877,56.129,30.45
2020-04-28,54.485,54.694,52.914,53.359,28.78
2020-04-27,54.23,54.34,53.028,54.013,25.90
2020-04-24,51.043,53.95,50.952,53.822,50.22
2020-04-23,54.198,54.585,53.414,53.623,35.09
2020-04-22,52.923,54.949,52.505,54.585,23.44
2020-04-21,52.778,53.223,50.798,51.188,25.25
2020-04-20,53.84,54.531,53.486,53.75,26.42
2020-04-17,56.329,56.429,54.336,54.821,27.39
2020-04-16,54.14,55.366,53.414,55.212,24.43
2020-04-15,54.258,54.34,53.028,53.468,22.84
2020-04-14,54.507,55.312,54.049,55.094,25.67
2020-04-13,51.379,53.377,51.379,53.314,23.25
2020-04-09,53.913,54.24,50.916,51.897,40.52
2020-04-08,53.577,54.049,52.596,53.568,26.72
2020-04-07,54.44,55.848,52.869,53.041,41.41
2020-04-06,51.434,53.377,50.97,53.069,32.32
2020-04-03,48.909,50.071,47.892,49.163,23.91
2020-04-02,46.584,49.554,46.52,49.363,27.81
2020-04-01,47.683,49.672,46.711,47.12,29.59
2020-03-31,50.008,50.675,48.337,49.154,48.08
2020-03-30,48.128,50.952,47.982,50.398,31.63
2020-03-27,48.518,49.626,47.288,47.565,31.63
2020-03-26,46.992,50.816,46.92,50.444,41.48
2020-03-25,47.665,48.85,45.33,46.556,41.11
2020-03-24,48.264,49.626,46.638,47.592,50.02
2020-03-23,41.797,45.857,41.70,45.031,46.70
2020-03-20,42.242,44.885,41.298,41.625,52.34
2020-03-19,43.45,44.713,41.016,41.725,44.54
2020-03-18,42.424,45.457,41.053,43.241,49.31
2020-03-17,41.557,46.893,41.053,45.485,52.09
2020-03-16,43.151,47.456,39.627,40.517,53.88
2020-03-13,43.832,49.953,43.359,49.436,48.81
2020-03-12,43.559,45.495,41.207,41.361,50.66
2020-03-11,47.583,48.627,46.329,46.92,38.57
2020-03-10,47.919,49.045,45.803,49.027,36.57
2020-03-09,47.156,47.873,45.412,46.184,56.20
2020-03-06,50.117,50.871,49.535,50.653,36.26
2020-03-05,51.824,53.277,51.416,51.733,29.10
2020-03-04,51.779,53.323,51.007,53.296,29.22
2020-03-03,52.705,53.604,50.317,50.834,49.74
2020-03-02,50.671,52.878,49.517,52.841,43.14
2020-02-28,49.318,51.207,48.682,50.426,60.73
2020-02-27,52.614,53.141,50.68,50.707,42.23
2020-02-26,54.594,55.239,53.831,54.177,26.22
2020-02-25,56.302,56.565,54.004,54.249,34.50
2020-02-24,55.96,57.01,55.693,56.093,26.90
2020-02-21,59.199,59.263,58.164,58.436,20.78
2020-02-20,60.888,61.116,58.636,59.444,26.45
2020-02-19,60.298,61.034,60.107,60.952,13.55
2020-02-18,60.471,60.571,59.835,60.071,12.77
2020-02-14,61.324,61.638,60.689,61.097,13.41
2020-02-13,60.843,61.443,60.615,61.252,11.60
2020-02-12,61.397,61.842,61.134,61.27,15.59
2020-02-11,60.698,61.497,60.462,61.225,17.98
2020-02-10,59.544,60.307,59.435,60.298,22.30
2020-02-07,60.725,61.125,59.953,59.962,18.13
2020-02-06,61.125,61.215,60.643,60.934,17.41
2020-02-05,60.274,61.096,59.768,60.861,23.40
2020-02-04,59.442,59.704,58.674,59.162,20.97
2020-02-03,58.254,58.782,58.114,58.222,16.65
2020-01-31,59.469,59.632,57.544,57.779,25.27
2020-01-30,59.325,60.102,58.683,60.075,18.52
2020-01-29,61.123,61.512,59.804,59.948,18.08
2020-01-28,60.102,61.078,59.596,60.834,30.92
2020-01-27,60.301,60.934,59.289,59.37,30.76
2020-01-24,60.165,62.624,60.066,61.882,84.71
2020-01-23,56.812,57.576,56.767,57.228,42.78
2020-01-22,55.167,56.803,55.104,56.695,29.48
2020-01-21,54.056,55.357,54.038,54.724,28.31
2020-01-17,54.209,54.227,53.541,53.866,21.80
2020-01-16,53.559,54.083,53.387,53.92,21.37
2020-01-15,53.595,53.911,53.098,53.269,18.50
2020-01-14,53.766,53.992,53.491,53.712,17.09
2020-01-13,53.419,54.024,53.396,53.857,16.35
2020-01-10,53.839,54.295,53.206,53.269,15.20
2020-01-09,53.369,53.785,53.17,53.595,18.82
2020-01-08,53.224,53.613,52.89,53.296,23.14
2020-01-07,54.029,54.047,53.224,53.26,21.96
2020-01-06,53.857,54.404,53.622,54.164,17.76
2020-01-03,54.056,54.86,54.056,54.318,15.30
2020-01-02,54.444,55.104,54.426,54.987,17.71
2019-12-31,53.884,54.164,53.649,54.092,14.44
2019-12-30,54.218,54.273,53.667,53.884,12.75
2019-12-27,54.146,54.661,54.137,54.30,14.09
2019-12-26,53.694,54.092,53.64,54.065,11.49
2019-12-24,53.55,53.757,53.468,53.694,6.31
2019-12-23,53.378,54.029,53.36,53.531,23.59
2019-12-20,52.709,53.369,52.32,53.278,49.97
2019-12-19,51.67,52.411,51.484,52.384,18.87
2019-12-18,51.869,51.927,51.462,51.67,28.27
2019-12-17,52.42,52.51,51.634,51.787,21.66
2019-12-16,52.61,52.935,52.103,52.149,19.14
2019-12-13,52.013,52.727,51.859,52.23,22.80
2019-12-12,51.29,52.465,51.164,52.013,27.90
2019-12-11,51.435,51.67,51.136,51.579,20.05
2019-12-10,51.254,51.362,51.01,51.145,16.16
2019-12-09,51.10,51.48,51.064,51.091,14.47
2019-12-06,51.209,51.507,50.992,51.344,16.48
2019-12-05,50.983,50.983,50.395,50.685,17.68
2019-12-04,51.209,51.209,50.486,50.63,18.88
2019-12-03,51.389,51.389,50.386,50.676,26.61
2019-12-02,52.917,53.043,51.941,52.113,19.17
2019-11-29,52.555,52.686,52.23,52.465,9.48
2019-11-27,52.899,52.953,52.334,52.881,18.19
2019-11-26,53.278,53.441,52.827,53.233,22.38
2019-11-25,52.42,53.179,52.42,53.152,15.01
2019-11-22,52.727,53.007,51.959,52.067,15.69
2019-11-21,51.959,52.691,51.887,52.619,16.14
2019-11-20,52.655,52.745,51.847,52.329,18.56
2019-11-19,52.854,53.007,52.194,52.736,17.06
2019-11-18,52.149,52.854,52.031,52.646,16.10
2019-11-15,52.573,53.052,52.076,52.384,16.11
2019-11-14,52.067,52.456,52.031,52.248,12.14
2019-11-13,52.302,52.393,51.832,52.32,15.41
2019-11-12,52.781,53.143,52.447,52.601,11.95
2019-11-11,52.393,52.872,52.329,52.736,11.24
2019-11-08,52.284,52.691,51.796,52.664,11.89
2019-11-07,52.42,52.917,52.289,52.465,16.96
2019-11-06,51.959,52.158,51.498,52.058,17.72
2019-11-05,51.656,52.447,51.423,51.728,20.87
2019-11-04,51.171,51.953,51.099,51.782,19.07
2019-11-01,50.281,50.916,49.994,50.794,17.95
2019-10-31,50.632,50.874,49.994,50.812,19.25
2019-10-30,50.623,50.901,49.989,50.874,15.25
2019-10-29,50.668,51.45,50.551,50.641,18.16
2019-10-28,50.677,51.063,50.389,51.018,32.31
2019-10-25,48.708,50.883,48.466,50.749,59.77
2019-10-24,46.821,47.126,46.227,46.947,25.65
2019-10-23,46.174,46.704,46.021,46.488,15.96
2019-10-22,46.65,47.027,46.641,46.749,13.35
2019-10-21,46.308,46.893,46.147,46.857,13.12
2019-10-18,46.515,46.578,45.867,46.165,16.98
2019-10-17,47.311,47.495,46.183,46.614,16.92
2019-10-16,47.054,47.243,46.848,47.14,15.17
2019-10-15,46.677,47.702,46.587,47.324,18.97
2019-10-14,46.65,46.695,46.236,46.416,16.43
2019-10-11,46.74,47.45,46.578,46.821,24.17
2019-10-10,45.311,46.538,45.302,45.94,14.61
2019-10-09,45.365,45.652,45.077,45.374,12.19
2019-10-08,45.086,45.374,44.592,44.695,17.88
2019-10-07,45.571,46.048,45.445,45.499,12.72
2019-10-04,45.257,45.814,44.969,45.769,12.75
2019-10-03,44.493,45.005,43.623,44.969,17.24
2019-10-02,45.221,45.275,44.025,44.394,21.44
2019-10-01,46.713,46.956,45.329,45.625,18.49
2019-09-30,46.012,46.376,45.786,46.317,14.06
2019-09-27,45.508,46.039,45.248,45.643,14.85
2019-09-26,45.823,45.971,45.248,45.769,11.48
2019-09-25,44.717,46.03,44.421,45.859,20.12
2019-09-24,45.931,46.003,44.619,44.78,28.47
2019-09-23,45.688,46.043,45.293,45.751,21.57
2019-09-20,46.38,46.632,45.445,45.589,38.63
2019-09-19,46.47,46.731,46.29,46.353,11.85
2019-09-18,46.857,46.857,45.985,46.506,15.03
2019-09-17,46.785,46.869,46.156,46.695,19.89
2019-09-16,46.65,46.996,46.471,46.92,13.35
2019-09-13,47.423,47.639,46.951,47.225,18.01
2019-09-12,47.639,47.935,46.798,47.648,23.31
2019-09-11,46.38,47.45,46.183,47.45,18.97
2019-09-10,46.138,46.596,45.684,46.578,18.53
2019-09-09,45.895,46.767,45.859,46.371,20.75
2019-09-06,45.167,45.832,45.005,45.769,17.07
2019-09-05,44.875,45.994,44.825,45.032,30.02
2019-09-04,42.749,43.998,42.731,43.971,23.47
2019-09-03,42.353,42.443,41.792,42.228,15.01
2019-08-30,42.461,42.956,42.389,42.614,16.92
2019-08-29,41.76,42.443,41.706,42.129,17.81
2019-08-28,41.077,41.266,40.781,41.158,14.90
2019-08-27,41.23,41.455,40.897,41.158,16.93
2019-08-26,41.185,41.185,40.673,40.951,22.09
2019-08-23,41.661,41.913,40.268,40.412,32.82
2019-08-22,42.497,42.632,41.967,42.048,19.79
2019-08-21,42.344,42.506,42.147,42.38,15.92
2019-08-20,42.273,42.353,41.76,41.886,23.12
2019-08-19,42.659,42.785,42.282,42.452,21.40
2019-08-16,41.652,41.958,41.401,41.796,23.34
2019-08-15,41.437,41.509,40.839,41.077,21.99
2019-08-14,41.401,41.909,41.032,41.23,25.65
2019-08-13,40.888,42.286,40.772,42.102,29.37
2019-08-12,41.131,41.41,40.843,40.987,18.49
2019-08-09,42.192,42.246,41.149,41.329,24.98
2019-08-08,41.491,42.574,41.266,42.398,30.64
2019-08-07,41.616,42.138,41.32,42.003,29.44
2019-08-06,42.38,42.749,42.034,42.21,26.12
2019-08-05,42.641,42.819,41.578,41.936,38.94
2019-08-02,43.828,44.069,43.302,43.462,27.88
2019-08-01,45.105,46.328,44.168,44.194,34.02
2019-07-31,45.989,46.176,44.685,45.132,24.17
2019-07-30,46.167,46.703,46.034,46.159,16.49
2019-07-29,46.007,46.926,45.337,46.882,21.90
2019-07-26,47.042,47.766,46.007,46.06,36.40
2019-07-25,46.882,46.962,46.319,46.569,27.77
2019-07-24,46.409,47.292,46.248,47.248,20.90
2019-07-23,46.426,46.426,45.801,46.203,18.41
2019-07-22,44.645,45.993,44.543,45.846,21.69
2019-07-19,44.605,45.23,44.56,44.882,29.14
2019-07-18,43.998,44.632,43.65,44.587,15.68
2019-07-17,44.194,44.373,43.962,44.096,11.93
2019-07-16,44.56,44.641,43.712,43.90,17.13
2019-07-15,44.641,44.864,44.435,44.748,14.35
2019-07-12,43.748,44.578,43.578,44.569,20.15
2019-07-11,43.355,43.552,43.132,43.391,16.62
2019-07-10,42.784,43.40,42.766,43.043,16.03
2019-07-09,42.284,42.677,42.078,42.632,17.85
2019-07-08,42.516,42.81,42.025,42.694,16.56
2019-07-05,42.882,43.011,42.355,42.927,14.34
2019-07-03,43.016,43.355,42.851,43.319,10.74
2019-07-02,42.775,43.052,42.578,42.962,15.38
2019-07-01,44.007,44.15,42.627,42.90,27.51
2019-06-28,42.65,43.034,42.569,42.739,26.65
2019-06-27,42.989,43.23,42.177,42.373,23.06
2019-06-26,42.543,43.284,42.462,43.025,21.89
2019-06-25,42.462,42.569,41.784,41.828,16.67
2019-06-24,42.319,42.717,42.114,42.525,14.48
2019-06-21,41.918,42.614,41.784,42.373,31.10
2019-06-20,42.739,42.90,41.846,42.132,20.13
2019-06-19,42.391,42.48,41.962,42.025,17.44
2019-06-18,41.739,42.855,41.605,42.293,25.73
2019-06-17,41.194,41.543,40.891,41.186,12.64
2019-06-14,40.918,41.444,40.664,41.239,15.38
2019-06-13,41.605,41.922,41.543,41.694,12.27
2019-06-12,41.668,41.668,41.293,41.355,15.90
2019-06-11,42.194,42.248,41.534,41.828,18.42
2019-06-10,41.275,42.132,41.248,41.784,20.81
2019-06-07,40.40,41.177,40.266,41.096,24.37
2019-06-06,39.953,40.328,39.735,40.266,19.08
2019-06-05,40.275,40.337,39.454,39.775,20.80
2019-06-04,39.427,40.047,39.079,39.989,28.09
2019-06-03,39.507,39.806,38.57,38.802,31.16
2019-05-31,39.445,39.989,39.221,39.32,25.53
2019-05-30,39.552,40.203,39.489,39.936,21.62
2019-05-29,38.704,39.757,38.689,39.489,28.45
2019-05-28,39.873,39.90,38.659,38.90,34.78
2019-05-24,39.811,40.221,39.721,39.793,27.17
2019-05-23,38.721,39.945,38.266,39.757,35.78
2019-05-22,39.418,39.695,39.145,39.284,16.93
2019-05-21,39.587,39.98,39.44,39.695,25.54
2019-05-20,39.284,39.748,38.796,38.891,28.67
2019-05-17,40.337,40.828,39.966,40.078,22.50
2019-05-16,40.596,41.025,40.552,40.65,19.95
2019-05-15,40.105,40.846,39.962,40.73,23.41
2019-05-14,40.337,40.61,40.061,40.328,24.71
2019-05-13,40.471,40.748,39.909,39.962,39.09
2019-05-10,41.462,41.784,40.266,41.248,42.52
2019-05-09,42.766,43.114,41.114,41.623,59.64
2019-05-08,44.819,45.346,43.81,43.962,36.81
2019-05-07,45.176,45.426,44.578,45.069,29.71
2019-05-06,44.864,45.784,44.81,45.73,26.25
2019-05-03,45.327,45.984,45.017,45.922,25.66
2019-05-02,45.079,45.545,44.476,44.857,22.66
2019-05-01,45.345,45.789,45.026,45.043,20.47
2019-04-30,45.256,45.638,45.141,45.292,27.13
2019-04-29,46.295,46.525,45.256,45.354,42.14
2019-04-26,46.80,47.111,45.718,46.525,72.36
2019-04-25,51.734,51.805,50.785,51.122,27.95
2019-04-24,51.93,52.613,51.592,52.107,17.72
2019-04-23,52.258,52.338,51.912,52.16,17.74
2019-04-22,51.601,52.205,51.362,52.196,12.33
2019-04-18,52.098,52.249,51.578,51.903,20.46
2019-04-17,51.859,52.879,51.575,51.965,38.79
2019-04-16,50.279,50.998,49.755,50.323,30.30
2019-04-15,50.101,50.186,49.622,49.942,11.68
2019-04-12,49.88,50.128,49.551,50.066,12.91
2019-04-11,49.48,49.755,49.365,49.516,10.85
2019-04-10,49.09,49.569,49.09,49.471,13.08
2019-04-09,49.117,49.188,48.717,49.09,13.34
2019-04-08,49.054,49.463,48.983,49.409,11.76
2019-04-05,49.471,49.649,48.691,49.338,19.27
2019-04-04,49.046,49.818,49.046,49.622,16.52
2019-04-03,48.833,49.684,48.708,49.232,24.55
2019-04-02,48.389,48.628,48.118,48.238,13.70
2019-04-01,48.22,48.424,48.007,48.371,17.83
2019-03-29,47.741,47.954,47.457,47.652,18.74
2019-03-28,47.253,47.422,46.827,47.129,13.61
2019-03-27,47.555,47.794,46.978,47.173,19.66
2019-03-26,47.315,47.714,47.067,47.422,17.72
2019-03-25,47.005,47.515,46.477,46.836,16.97
2019-03-22,48.273,48.464,47.218,47.262,21.44
2019-03-21,47.848,48.797,47.777,48.486,19.13
2019-03-20,47.972,48.273,47.572,47.759,24.33
2019-03-19,48.336,48.491,47.919,48.069,18.27
2019-03-18,48.291,48.367,47.803,48.007,16.27
2019-03-15,47.635,48.531,47.635,48.211,46.49
2019-03-14,48.185,48.318,47.324,47.422,26.65
2019-03-13,47.919,48.424,47.608,48.247,25.52
2019-03-12,47.333,47.883,47.186,47.537,20.78
2019-03-11,46.925,47.608,46.65,47.342,18.96
2019-03-08,46.117,46.641,45.878,46.57,16.79
2019-03-07,46.827,47.018,46.463,46.676,17.80
2019-03-06,47.59,47.608,46.978,46.987,14.74
2019-03-05,47.785,47.91,47.129,47.635,21.06
2019-03-04,47.697,48.007,47.213,47.865,21.71
2019-03-01,47.422,47.635,46.934,47.297,18.36
2019-02-28,46.96,47.191,46.863,46.996,18.39
2019-02-27,46.818,47.368,46.596,47.244,17.59
2019-02-26,47.04,47.359,46.951,47.235,16.08
2019-02-25,47.084,47.572,46.907,47.12,20.71
2019-02-22,46.765,47.009,46.193,46.579,31.93
2019-02-21,45.54,46.002,45.443,45.62,16.16
2019-02-20,45.815,45.904,45.31,45.602,21.61
2019-02-19,45.567,45.886,45.558,45.611,15.61
2019-02-15,45.478,45.851,45.336,45.842,22.52
2019-02-14,44.733,45.292,44.68,45.088,17.55
2019-02-13,44.484,45.088,44.369,44.786,17.71
2019-02-12,43.801,44.493,43.721,44.378,18.05
2019-02-11,43.499,43.766,43.109,43.278,18.00
2019-02-08,43.278,43.499,42.603,43.34,18.85
2019-02-07,43.925,44.236,43.198,43.686,27.83
2019-02-06,44.325,44.937,44.209,44.28,21.65
2019-02-05,43.366,44.721,43.366,44.098,31.64
2019-02-04,42.873,43.419,42.538,43.402,20.91
2019-02-01,41.497,43.252,41.453,42.97,37.44
2019-01-31,41.18,41.603,40.651,41.55,43.05
2019-01-30,41.162,42.044,40.959,41.92,26.93
2019-01-29,41.25,41.418,40.853,41.039,20.99
2019-01-28,40.677,41.206,40.606,41.188,35.93
2019-01-25,41.312,41.823,40.342,41.479,86.47
2019-01-24,42.943,44.12,42.855,43.878,50.58
2019-01-23,42.688,43.031,41.903,42.273,18.96
2019-01-22,43.172,43.19,42.211,42.564,25.94
2019-01-18,43.305,43.543,42.934,43.375,29.87
2019-01-17,42.326,43.067,42.242,42.74,17.45
2019-01-16,42.855,43.111,42.397,42.441,19.06
2019-01-15,42.952,43.322,42.714,42.855,22.48
2019-01-14,42.732,43.058,42.591,42.635,19.19
2019-01-11,42.414,43.464,42.37,43.146,21.75
2019-01-10,42.106,42.899,41.806,42.82,27.20
2019-01-09,42.291,42.829,42.132,42.335,22.55
2019-01-08,42.15,42.352,41.25,42.097,22.75
2019-01-07,41.532,42.322,41.224,41.832,22.74
2019-01-04,40.417,41.947,40.157,41.638,35.45
2019-01-03,40.695,40.809,39.143,39.231,32.27
2019-01-02,40.527,41.859,40.36,41.515,18.77
2018-12-31,41.524,41.867,41.047,41.382,20.49
2018-12-28,41.012,42.097,40.827,41.224,24.73
2018-12-27,40.227,40.897,39.39,40.88,29.97
2018-12-26,38.799,40.739,38.367,40.73,28.68
2018-12-24,39.354,39.831,38.393,38.437,19.24
2018-12-21,40.342,41.136,39.504,39.54,52.77
2018-12-20,40.042,40.836,39.689,40.157,37.75
2018-12-19,41.876,42.088,40.016,40.183,39.72
2018-12-18,41.859,42.723,41.762,42.097,29.01
2018-12-17,42.203,42.688,41.144,41.515,26.60
2018-12-14,42.229,42.996,42.194,42.203,26.37
2018-12-13,42.555,42.837,42.198,42.582,19.53
2018-12-12,42.837,42.89,41.806,42.176,31.31
2018-12-11,42.238,42.846,41.559,41.779,23.85
2018-12-10,40.809,41.85,40.571,41.629,23.29
2018-12-07,42.273,42.379,40.765,40.774,34.02
2018-12-06,41.268,42.67,41.021,42.652,31.66
2018-12-04,43.666,43.737,42.039,42.106,35.40
2018-12-03,44.09,44.526,43.675,44.204,30.87
2018-11-30,42.282,43.49,41.938,43.481,43.31
2018-11-29,42.758,42.82,42.00,42.061,23.59
2018-11-28,42.269,43.102,42.017,43.084,28.00
2018-11-27,41.391,42.52,41.083,42.388,27.62
2018-11-26,41.682,41.85,41.18,41.841,20.72
2018-11-23,41.171,41.506,41.021,41.039,8.91
2018-11-21,42.194,42.22,41.462,41.471,19.01
2018-11-20,41.797,42.432,41.524,41.788,29.20
2018-11-19,42.864,43.34,42.132,42.326,26.86
2018-11-16,42.123,43.252,42.053,43.058,31.67
2018-11-15,41.453,42.538,41.197,42.423,29.58
2018-11-14,42.194,42.295,41.347,41.524,25.63
2018-11-13,41.435,42.546,41.435,41.788,29.32
2018-11-12,42.07,42.15,41.091,41.136,24.41
2018-11-09,43.023,43.23,42.211,42.423,21.76
2018-11-08,42.758,43.463,42.732,43.199,26.58
2018-11-07,42.00,42.987,41.964,42.961,29.91
2018-11-06,42.15,42.255,41.471,41.665,23.84
2018-11-05,41.483,42.28,41.115,42.035,23.75
2018-11-02,42.175,42.28,40.966,41.281,30.76
2018-11-01,41.141,42.473,41.062,42.254,28.34
2018-10-31,42.315,42.552,41.036,41.08,33.37
2018-10-30,39.897,41.956,39.836,41.851,43.98
2018-10-29,40.747,40.966,38.942,39.783,35.73
2018-10-26,39.949,40.694,39.17,40.037,67.28
2018-10-25,38.153,39.38,37.925,38.828,48.26
2018-10-24,38.696,38.872,37.119,37.172,33.63
2018-10-23,38.714,39.511,38.477,38.994,38.59
2018-10-22,38.994,39.73,38.644,39.441,34.51
2018-10-19,39.45,39.59,38.433,38.556,28.37
2018-10-18,40.002,40.09,39.283,39.406,26.64
2018-10-17,40.309,40.598,39.906,40.212,23.12
2018-10-16,39.345,40.317,39.279,40.256,21.47
2018-10-15,39.108,39.555,38.942,39.021,21.63
2018-10-12,39.669,39.733,38.758,39.327,32.09
2018-10-11,39.564,39.967,38.32,38.758,43.65
2018-10-10,40.361,40.414,39.257,39.257,43.11
2018-10-09,41.343,41.728,40.782,40.791,23.29
2018-10-08,41.15,41.492,40.764,41.211,19.38
2018-10-05,42.263,42.359,40.887,41.211,28.90
2018-10-04,42.797,42.815,41.728,42.175,30.11
2018-10-03,42.605,43.568,42.552,42.727,39.21
2018-10-02,41.632,42.832,41.465,42.149,42.12
2018-10-01,41.001,41.378,40.484,40.703,23.80
2018-09-28,39.976,41.842,39.836,41.439,46.22
2018-09-27,40.23,40.453,40.072,40.204,15.42
2018-09-26,40.344,40.572,39.941,40.046,23.96
2018-09-25,40.501,40.65,40.133,40.23,23.39
2018-09-24,40.58,41.185,40.44,41.106,17.85
2018-09-21,41.29,41.552,40.633,40.887,52.65
2018-09-20,40.992,41.50,40.764,41.36,22.00
2018-09-19,40.388,40.694,40.212,40.44,15.92
2018-09-18,39.941,40.773,39.792,40.396,20.53
2018-09-17,39.687,40.221,39.599,39.80,17.60
2018-09-14,40.116,40.278,39.739,39.906,23.00
2018-09-13,40.028,40.177,39.529,39.932,18.66
2018-09-12,39.047,39.415,38.609,39.371,29.78
2018-09-11,40.309,40.335,39.336,39.371,32.46
2018-09-10,40.799,40.975,40.51,40.572,21.52
2018-09-07,41.106,41.606,40.624,40.703,25.96
2018-09-06,41.851,42.026,41.369,41.413,19.32
2018-09-05,41.842,42.166,41.597,41.816,20.86
2018-09-04,42.394,42.435,41.676,42.026,15.68
2018-08-31,42.026,42.552,41.991,42.438,16.48
2018-08-30,42.517,42.789,42.14,42.272,16.42
2018-08-29,42.675,42.815,42.412,42.718,13.48
2018-08-28,42.543,42.754,42.333,42.561,13.47
2018-08-27,42.061,42.403,41.737,42.368,17.17
2018-08-24,41.439,41.965,41.255,41.763,18.21
2018-08-23,41.062,41.334,40.931,41.167,31.34
2018-08-22,41.404,41.492,41.115,41.229,23.18
2018-08-21,40.887,41.93,40.87,41.728,19.25
2018-08-20,41.229,41.29,40.475,40.747,24.33
2018-08-17,41.185,41.527,40.598,41.273,26.38
2018-08-16,41.842,42.017,41.229,41.334,24.36
2018-08-15,41.868,42.061,41.097,41.588,26.74
2018-08-14,42.648,42.727,41.755,42.166,23.06
2018-08-13,42.867,43.148,42.394,42.456,17.07
2018-08-10,42.508,43.087,42.324,42.806,28.71
2018-08-09,43.691,44.34,43.568,43.936,23.80
2018-08-08,43.463,43.928,43.323,43.779,22.00
2018-08-07,43.314,43.665,43.297,43.551,28.32
2018-08-06,42.736,43.209,42.342,43.20,26.67
2018-08-03,43.113,43.357,42.826,43.227,22.01
2018-08-02,42.242,43.131,41.981,43.096,26.45
2018-08-01,41.855,42.60,41.807,42.512,28.06
2018-07-31,42.016,42.396,41.537,41.894,36.58
2018-07-30,41.485,41.798,40.44,41.537,35.70
2018-07-27,42.469,42.852,41.354,41.528,67.82
2018-07-26,45.683,46.319,45.178,45.43,28.28
2018-07-25,45.474,45.683,44.498,45.665,19.89
2018-07-24,45.953,46.423,45.356,45.448,17.79
2018-07-23,45.091,45.722,44.707,45.561,15.95
2018-07-20,45.143,45.352,44.707,45.213,17.39
2018-07-19,44.943,45.30,44.463,45.273,15.95
2018-07-18,45.178,45.265,44.825,45.047,14.65
2018-07-17,44.463,45.185,44.429,45.073,15.75
2018-07-16,45.422,45.57,45.178,45.30,15.95
2018-07-13,45.639,45.657,45.082,45.483,13.75
2018-07-12,45.334,45.709,45.056,45.596,20.29
2018-07-11,45.021,45.178,44.585,44.594,18.67
2018-07-10,45.378,45.517,45.152,45.43,17.36
2018-07-09,44.977,45.195,44.42,45.169,21.36
2018-07-06,44.22,44.855,43.897,44.742,19.97
2018-07-05,43.532,44.385,43.331,44.202,26.16
2018-07-03,44.054,44.298,43.053,43.087,16.33
2018-07-02,42.713,43.784,42.53,43.723,23.76
2018-06-29,43.14,43.645,43.113,43.296,28.91
2018-06-28,42.312,43.105,42.242,42.896,29.06
2018-06-27,42.974,43.601,42.46,42.469,33.34
2018-06-26,43.505,43.906,42.992,43.262,37.54
2018-06-25,44.568,45.073,43.471,44.167,45.36
2018-06-22,45.831,46.24,45.552,45.726,34.68
2018-06-21,47.364,47.494,45.239,45.456,44.44
2018-06-20,46.327,46.811,45.892,46.563,21.40
2018-06-19,45.413,46.118,45.186,46.101,31.78
2018-06-18,47.294,47.294,45.587,46.354,40.76
2018-06-15,48.052,48.235,47.538,48.00,39.19
2018-06-14,48.296,48.653,48.061,48.374,23.42
2018-06-13,47.886,48.514,47.825,47.93,22.63
2018-06-12,47.791,47.93,47.224,47.747,23.29
2018-06-11,47.73,47.982,47.259,47.486,25.75
2018-06-08,48.392,48.514,47.608,47.947,30.82
2018-06-07,49.576,49.646,48.444,48.67,27.60
2018-06-06,49.236,49.698,48.845,49.672,22.96
2018-06-05,49.559,49.75,48.962,49.236,21.69
2018-06-04,49.655,50.168,49.45,49.498,22.54
2018-06-01,48.635,49.733,48.601,49.715,31.18
2018-05-31,48.487,48.653,47.956,48.078,30.96
2018-05-30,48.679,48.949,48.44,48.496,24.71
2018-05-29,48.008,48.609,47.738,48.183,24.25
2018-05-25,47.73,48.339,47.503,48.287,18.55
2018-05-24,48.061,48.165,47.146,47.686,19.67
2018-05-23,47.033,48.104,46.894,48.087,20.56
2018-05-22,47.669,47.947,47.076,47.425,19.01
2018-05-21,47.346,48.095,46.911,47.312,25.37
2018-05-18,47.494,47.503,46.571,46.597,23.68
2018-05-17,47.512,48.287,47.399,47.738,16.87
2018-05-16,47.181,47.643,46.994,47.59,16.26
2018-05-15,47.538,47.686,46.65,46.963,21.71
2018-05-14,47.704,48.113,47.677,47.817,21.88
2018-05-11,47.573,48.069,47.407,47.616,15.41
2018-05-10,47.512,47.904,47.12,47.886,18.72
2018-05-09,46.824,47.355,46.327,47.329,19.83
2018-05-08,46.419,46.711,45.988,46.711,21.03
2018-05-07,46.04,46.667,46.014,46.449,20.29
2018-05-04,44.96,46.023,44.42,45.97,25.64
2018-05-03,44.936,45.516,44.347,45.274,28.56
2018-05-02,45.975,46.07,45.161,45.299,25.78
2018-05-01,44.719,46.261,44.546,46.183,27.60
2018-04-30,45.516,46.217,44.347,44.702,36.42
2018-04-27,48.01,48.313,45.23,45.663,69.89
2018-04-26,45.256,46.131,45.092,45.94,39.58
2018-04-25,44.91,45.118,43.819,44.494,25.75
2018-04-24,44.918,46.451,44.286,44.555,42.49
2018-04-23,44.762,44.936,44.035,44.252,21.71
2018-04-20,45.178,45.274,44.061,44.624,26.91
2018-04-19,45.854,45.862,44.693,45.222,25.42
2018-04-18,46.347,47.07,46.191,46.425,22.16
2018-04-17,45.819,46.503,45.802,46.365,21.23
2018-04-16,45.282,45.49,44.849,45.377,18.86
2018-04-13,45.949,46.079,44.685,44.91,20.88
2018-04-12,44.589,46.13,44.555,45.655,29.78
2018-04-11,44.156,44.797,44.009,44.252,17.57
2018-04-10,44.269,44.589,43.594,44.399,26.42
2018-04-09,42.572,44.26,42.572,42.909,31.44
2018-04-06,43.117,43.645,42.00,42.251,28.22
2018-04-05,43.308,43.922,43.273,43.628,25.12
2018-04-04,41.654,43.438,41.576,43.29,30.37
2018-04-03,42.433,43.264,41.922,43.083,39.43
2018-04-02,44.763,45.066,40.952,42.364,67.19
2018-03-29,43.282,45.10,43.186,45.10,45.27
2018-03-28,43.732,43.905,42.442,42.953,37.97
2018-03-27,45.906,46.114,43.975,44.33,38.78
2018-03-26,43.94,45.455,43.576,45.447,39.31
2018-03-23,43.81,44.156,42.745,42.745,37.68
2018-03-22,43.94,44.996,43.819,44.018,30.92
2018-03-21,44.641,45.178,44.312,44.65,23.24
2018-03-20,44.061,44.867,44.035,44.641,22.21
2018-03-19,43.94,44.364,43.238,44.018,31.12
2018-03-16,44.312,44.771,44.156,44.312,42.56
2018-03-15,45.23,45.291,44.061,44.061,25.63
2018-03-14,45.083,45.183,44.434,44.91,24.99
2018-03-13,45.481,46.572,44.503,44.841,45.57
2018-03-12,44.91,44.988,43.732,44.615,32.04
2018-03-09,44.399,45.291,44.165,45.196,32.73
2018-03-08,44.849,45.10,43.706,43.94,29.48
2018-03-07,43.455,44.585,43.386,44.442,31.80
2018-03-06,43.438,44.451,43.429,43.914,39.13
2018-03-05,42.061,43.122,41.603,43.083,30.83
2018-03-02,40.874,42.476,40.666,42.416,33.31
2018-03-01,42.866,43.052,41.108,41.429,36.33
2018-02-28,43.455,43.594,42.676,42.684,35.54
2018-02-27,42.754,44.078,42.702,43.221,43.62
2018-02-26,41.74,42.546,41.654,42.528,26.99
2018-02-23,40.13,41.385,40.099,41.333,26.04
2018-02-22,39.956,40.32,39.506,39.662,16.95
2018-02-21,40.415,40.753,39.766,39.783,27.53
2018-02-20,39.368,40.45,39.307,40.112,25.51
2018-02-16,39.675,40.346,39.411,39.454,21.48
2018-02-15,39.731,39.826,38.926,39.766,23.54
2018-02-14,38.164,39.411,38.138,39.298,19.92
2018-02-13,38.614,38.774,38.324,38.502,19.52
2018-02-12,38.233,39.108,38.181,38.822,28.38
2018-02-09,37.67,38.346,36.406,38.06,49.30
2018-02-08,39.212,39.333,37.012,37.021,43.15
2018-02-07,38.605,40.095,38.398,39.142,37.51
2018-02-06,38.121,38.909,37.263,38.891,58.15
2018-02-05,39.868,40.65,38.276,38.294,47.87
2018-02-02,40.702,41.106,39.653,39.696,28.66
2018-02-01,41.025,41.691,40.814,40.986,28.84
2018-01-31,42.345,42.362,40.909,41.407,41.62
2018-01-30,42.56,43.059,41.924,41.967,32.81
2018-01-29,42.663,43.738,42.465,42.99,46.30
2018-01-26,41.614,43.136,41.39,43.076,86.92
2018-01-25,39.463,39.885,38.853,38.965,36.76
2018-01-24,39.481,39.679,38.672,39.145,32.46
2018-01-23,39.403,39.644,39.248,39.618,22.14
2018-01-22,38.535,39.386,38.526,39.352,27.71
2018-01-19,38.38,38.612,38.061,38.552,25.78
2018-01-18,38.19,38.479,37.993,38.259,26.83
2018-01-17,37.455,38.233,37.425,38.182,32.37
2018-01-16,37.459,37.666,36.887,37.107,38.37
2018-01-12,37.373,37.502,36.995,37.193,29.97
2018-01-11,36.814,37.485,36.513,37.339,35.37
2018-01-10,37.27,37.502,36.505,36.556,45.73
2018-01-09,38.449,38.569,37.408,37.52,44.28
2018-01-08,38.079,38.569,37.812,38.483,33.73
2018-01-05,38.216,38.836,37.76,38.483,41.82
2018-01-04,37.434,38.406,36.72,38.216,89.21
2018-01-03,39.111,39.747,37.545,38.93,116.48
